name,station
Bamboo Asia,Civic Center/UN Plaza
Thee Stork Club,19th St/Oakland
Sushinista,Downtown Berkeley
Happy Lamb Hot Pot,Union City
Chili's,Bay Fair
Peter's Cafe,Millbrae
Pasha,Powell St
Peacekeeper,Powell St
Izakaya Shodai,19th St/Oakland
Kamdesh Afghani Kabab House,12th St/Oakland City Center
The Cheesecake Factory,West Dublin/Pleasanton
P.F. Chang's,West Dublin/Pleasanton
Sandbar,19th St/Oakland
Au,19th St/Oakland
Cellarmaker Brewing Co.,Lake Merritt
Miller & Lux Provisions,Powell St
Eli's Mile High Club,MacArthur
Starbucks,Bay Fair
Le Paradis,Hayward
The Pizza House,Hayward
Neumanali,Hayward
Oeste,12th St/Oakland City Center
Le Petite Camille,Millbrae
Hong Kong Palace,Millbrae
Ipoh Garden,Millbrae
The Kitchen,Millbrae
Agenzen,Millbrae
Cable Car Coffee,Powell St
Modern China Cafe,Walnut Creek
Broderik Roadhouse,Walnut Creek
Montecatini,Walnut Creek
Vanessa's Bistro,Walnut Creek
Bourbon Highway,Walnut Creek
Dan's Irish Sports Bar,Walnut Creek
Skipolini's Pizza,Walnut Creek
Benvenuti Ristorante,Walnut Creek
Del Popolo,Powell St
Cafe Tiramisu,Montgomery St
The Crown,19th St/Oakland
La Mission,North Berkeley
Namaste Patio,Rockridge
Rintaro,16th St/Mission
54 Mint,Powell St
China Garden,Castro Valley
Zachary's Chicago Pizza,Rockridge
Red Lobster,San Bruno
Red Robin,San Bruno
Chuck E. Cheese,San Bruno
Mission Bowling Club,16th St/Mission
Al's Big Burger,El Cerrito Plaza
Outback Steakhouse,West Dublin/Pleasanton
Rigatoni's,West Dublin/Pleasanton
Shangrila Chinese Cuisine,West Dublin/Pleasanton
,San Leandro
Johnny's,San Leandro
Danny Murry's Irish Pub,San Leandro
Cafe Liano,San Leandro
707 Sutter,Powell St
Akari Japanese Bistro,Civic Center/UN Plaza
1601 Bar And Kitchen,16th St/Mission
Square Pie Guys,Civic Center/UN Plaza
Brenda's French Soul Food,Civic Center/UN Plaza
Aloha Club,Fruitvale
Señor Sisig,24th St/Mission
Liholiho Yacht Club,Powell St
Lers Ros Thai,Civic Center/UN Plaza
Teeth,16th St/Mission
Hi Lo BBQ,16th St/Mission
1015 Folsom,Civic Center/UN Plaza
500 Club,16th St/Mission
Ramenwell,16th St/Mission
Balompié Cafe,16th St/Mission
San Jalisco,24th St/Mission
Eureka!,Downtown Berkeley
The Fold,24th St/Mission
Los Moles Beer Garden,El Cerrito del Norte
Burdell,MacArthur
Boulevard Cafe,Daly City
Royal Ground Coffee,Downtown Berkeley
Penelope's Coffee and Tea,Downtown Berkeley
Top of the Hill Cafe,Daly City
Gee Yin,Daly City
Tikal,Balboa Park
Mezze and Mooore,16th St/Mission
Damask Rose Coffee,Ashby
Nomad Cafe,Ashby
Wayfare Tavern,Embarcadero
El Molino,Dublin/Pleasanton
Yeti Sports Bar and Restaurant,Ashby
Off the Hook Seafood & Super Burritos,19th St/Oakland
Delah Coffee,19th St/Oakland
Osha Thai Express,19th St/Oakland
Javi's Empanadas,19th St/Oakland
Da Lian,Downtown Berkeley
Cha Ya,Downtown Berkeley
Taste of the Himalayas,Downtown Berkeley
Azure Hotpot,Downtown Berkeley
Agrodolce,Downtown Berkeley
Party Sushi,Downtown Berkeley
Via del Corso,Downtown Berkeley
Cha Thai Tea,Downtown Berkeley
U : Dessert Story,Downtown Berkeley
Berkeley Espresso,Downtown Berkeley
The Noodle,Downtown Berkeley
Gusto,Downtown Berkeley
John's Grill Live Jazz,Powell St
John Foley's Dueling Piano Bar,Powell St
Lemat,Ashby
Little Star Pizza,16th St/Mission
Pacific Catch,Dublin/Pleasanton
Vitality Bowls,Dublin/Pleasanton
Maru Sushi,Powell St
Le Central,Montgomery St
Tommy T's Comedy and Steakhouse,Dublin/Pleasanton
Black Bear Diner,Dublin/Pleasanton
Peet's Coffee,Montgomery St
Coffee Roaster,Embarcadero
Kahnfections,24th St/Mission
Nation's Giant Hamburgers,El Cerrito Plaza
Gold Palm,19th St/Oakland
Bart Grocery,Daly City
Retro Junkie,Walnut Creek
Rotator Tap Room,Walnut Creek
Angel Cafe & Deli,Powell St
MY Coffee Roastery,Downtown Berkeley
The Hidden Café,North Berkeley
Iniburger,Downtown Berkeley
Nyonya Cafe,Dublin/Pleasanton
Kamurocho,Dublin/Pleasanton
Y'all Come Back Saloon,Dublin/Pleasanton
Kirala,Ashby
Teo Restaurant & Bar,Civic Center/UN Plaza
Tú Lan,Powell St
Empress of China,Montgomery St
Coi,Embarcadero
ABV,16th St/Mission
Osha BBQ,Powell St
Cafe Mason,Powell St
Pinecrest Diner,Powell St
Starline,19th St/Oakland
47 Hills Brewing Company,San Bruno
Guadalajara Restaurant & Tequila Bar,Fruitvale
Good News Cafe,19th St/Oakland
Four Barrel Coffee,16th St/Mission
Oaklandia Cafe x Bakery,12th St/Oakland City Center
Muddy Waters,16th St/Mission
Pancho Villa,16th St/Mission
El Toro,16th St/Mission
Swig,Powell St
Burma Superstar,MacArthur
Pyeong Chang Tofu House,MacArthur
Pixiu Mala Hongtang,MacArthur
The Den at the Fox,19th St/Oakland
Alborz,Downtown Berkeley
Round Table Pizza,Civic Center/UN Plaza
Ike's Kitchen,Civic Center/UN Plaza
Son & Garden,Civic Center/UN Plaza
Pronto Pizza & Espresso,Civic Center/UN Plaza
Jarin Thia Cuisine,Civic Center/UN Plaza
Starbucks,Dublin/Pleasanton
Pho Huynh Hiep 6 - Kevin's Noodle House,Walnut Creek
Ritual Coffee Roasters,24th St/Mission
Johnny Appleseed's Cafe,19th St/Oakland
ØL Beercafe & Bottleshop,Walnut Creek
Starbucks,Berryessa/North San José
El Buen Gusto Taqueria,Berryessa/North San José
California Pizza Kitchen,West Dublin/Pleasanton
Back Forty Texas BBQ,Pleasant Hill/Contra Costa Centre
Uncle Yu's,Lafayette
Rustic Tavern,Lafayette
Pizza Antica,Lafayette
Kansai,MacArthur
House of Shields,Montgomery St
Puerto Allegre,16th St/Mission
Lake Chalet,Lake Merritt
Carlin's Cafe,16th St/Mission
Arepas,16th St/Mission
Pakwan,16th St/Mission
The Orbit Room,16th St/Mission
Bourbon and Branch,Powell St
Delfina,16th St/Mission
Bi-Rite Creamery,16th St/Mission
La Note,Downtown Berkeley
Manakish Oven & Grill,Pleasant Hill/Contra Costa Centre
Gold Bean Cafe,Downtown Berkeley
Revival Kitchen,Downtown Berkeley
Pollo's,Downtown Berkeley
Comal Next Door,Downtown Berkeley
Lucia’s Pizzeria,Downtown Berkeley
Gather,Downtown Berkeley
Zhangliang Malatang,Downtown Berkeley
Razan Organic Kitchen,Downtown Berkeley
Round Table Pizza,Castro Valley
Genghix Asian Fusion,Castro Valley
Pampas,Castro Valley
Krayon's Gallery,Castro Valley
The Breakfast Club at Midtown,Castro Valley
JP's Family Restaurant & Sports Lounge,Castro Valley
Norman's Grill,Castro Valley
Blue Bottle Coffee,Downtown Berkeley
Donut Delight,Union City
Round Table Pizza,Union City
U and I,24th St/Mission
Clooney's Pub,24th St/Mission
Dovre Club,24th St/Mission
Sugar Plum Coffee Shop,Concord
La Fritanguera,Concord
Sakana,Powell St
Owl Tree,Powell St
Zzan,Powell St
Akiko's Sushi Bar,Powell St
Level III,Powell St
Lost Cat,Powell St
Zingari,Powell St
Honey Honey Cafe & Crepery,Powell St
The White Horse,Powell St
Matador,Powell St
Cesario's,Powell St
Peet's Coffee,Rockridge
Mitama,Rockridge
Chandni Chowk,Rockridge
Peet's Coffee,Fremont
Mixt Greens,Embarcadero
Tlaloc,Embarcadero
Farley's East,19th St/Oakland
Cactus Taqueria,Rockridge
Crepevine,Rockridge
Barney's,Rockridge
Classic Cars West Beer Garden,19th St/Oakland
Cafenated Kiosk,19th St/Oakland
Cafe 5,Montgomery St
Tselogs,Colma
Basil Pizzeria,12th St/Oakland City Center
Mua Lounge,19th St/Oakland
Sai's Vietnamese Restaurant,Embarcadero
IHOP,San Leandro
Henry's Hunan,Embarcadero
Pharaohs Mediterranean Sandwiches,Powell St
Rye,Powell St
The Thonglor,Powell St
Bentotaro,Powell St
The Mortimer,Powell St
Tratto,Powell St
Bota Tapas & Paella Bar,Powell St
David's Delicatessen & Diner,Powell St
Starbucks,Powell St
Biscuits & Blues,Powell St
Bloodhound,Civic Center/UN Plaza
Nosh Box,Civic Center/UN Plaza
Sushi Hashiri,Powell St
Anzu Restaurant,Powell St
Favorite Indian Restaurant,Hayward
La Corneta,24th St/Mission
Radiator,Montgomery St
Las Cabanas,Downtown Berkeley
Benc⑁ Patisserie Cafe,Downtown Berkeley
Cafe Étoile,Downtown Berkeley
Sivan's Cafe,Hayward
Chinatown Restaurant,Montgomery St
New Delhi,Powell St
Miyabiya Sushi and Grill,Powell St
Magnin Street Cafe & Bistro,Powell St
King Kee,Powell St
Mellis Cafe,Powell St
Urban Tavern,Powell St
Jasper's,Powell St
Million Thai,Powell St
Hinodeya Ramen & Bar,Powell St
Boudin,Powell St
King of Thai Noodle,Powell St
Starbucks,South San Francisco
El Tesoro,Powell St
Pakwan,Powell St
Marrakech,Powell St
Raunak Indian Kitchen,Milpitas
Taqueria Montecristo,North Berkeley
Pho Tasty,Downtown Berkeley
Café de la Presse,Montgomery St
Millie's,Lafayette
Mel's Drive-In,Powell St
BJ's,San Bruno
Shapeshifters Cafe,12th St/Oakland City Center
Top Thai,Castro Valley
Shalimar,Powell St
The Lunch Box,19th St/Oakland
Omg Club,Powell St
Limoncello,Civic Center/UN Plaza
Bello Coffee & Tea,Glen Park
Nepalese Indian Cusine,Civic Center/UN Plaza
AJ's Bar,Civic Center/UN Plaza
Dancing Yak,16th St/Mission
Pork Store Cafe Valencia,16th St/Mission
Giordano Bros.,16th St/Mission
Tadamasa,Union City
Happy Lemon,Union City
Bar Bay Grill,Union City
Asia Express,Union City
Jenjon's Cafe,Union City
Cafe 86,Union City
Joyride Pizza,Powell St
Ramen Hiroshi,Montgomery St
Shan Dong Restaurant,12th St/Oakland City Center
Popoca Oakland,12th St/Oakland City Center
Humphry Slocombe Ice Cream,19th St/Oakland
Uccello Coffee,12th St/Oakland City Center
El Chilar,19th St/Oakland
Lucuma Kitchen & Bar,19th St/Oakland
Pho 84,19th St/Oakland
Take It Easy Thai Food,19th St/Oakland
355,19th St/Oakland
Break Your Fast,Union City
Fatapple's Restaurant & Bakery,El Cerrito Plaza
Press Coffee,Downtown Berkeley
Cholita Linda,Downtown Berkeley
Rosamunde Sausage Grill,24th St/Mission
Sweet Bar Bakery,19th St/Oakland
Oakland Athletic Club,19th St/Oakland
Saucy Oakland,12th St/Oakland City Center
Graffiti Pizza,12th St/Oakland City Center
Square Pie Guys,12th St/Oakland City Center
Highwire Coffee Roasters,12th St/Oakland City Center
Penelope Bar & Lounge,12th St/Oakland City Center
Ladle and Leaf,12th St/Oakland City Center
Golden Lotus Vegetarian,12th St/Oakland City Center
Bagel Street Cafe,12th St/Oakland City Center
Sana'a Café,12th St/Oakland City Center
Golden Ratio,12th St/Oakland City Center
Homeroom,MacArthur
Hog Island Oyster Company,Embarcadero
Nopa Fish,Embarcadero
Lunette,Embarcadero
A16,Embarcadero
The Epicurean Trader,Embarcadero
Gott's Soft Serve,Embarcadero
Blue Bottle Coffee,Embarcadero
Cholita Linda,Embarcadero
Red Bay Coffee,Embarcadero
El Porteño,Embarcadero
Tsar Nicolai Caviar,Embarcadero
Humphrey Slocombe,Embarcadero
Imperial Tea Court,Embarcadero
Parachute,Embarcadero
Gott's Roadside,Embarcadero
Tita Becca's,12th St/Oakland City Center
Theory,19th St/Oakland
Beretta,24th St/Mission
Rite Spot Cafe,16th St/Mission
Tomo Sushi & Teriyaki,Daly City
Cold Stone Creamery,Daly City
Westlake Coffee Shop,Daly City
Round Table Pizza,Daly City
Philz Coffee,Montgomery St
Per Diem,Montgomery St
¡Venga! Empanadas,Montgomery St
Happy Lemon,Montgomery St
Barebottle Brew Co.,Embarcadero
Sam Wo Restaurant,Montgomery St
Mixt,Montgomery St
Reem’s California - Mission,24th St/Mission
Cairo Station Cafe,19th St/Oakland
19th Street Station,19th St/Oakland
Aroma Bakery & Cafe,19th St/Oakland
Dim the Way,Balboa Park
Bravo Pizza,Balboa Park
Teazzert Pho You,Balboa Park
The Avenue,MacArthur
Sfizio,Rockridge
Silver Café,Glen Park
Pica Pica,16th St/Mission
Blue Bottle Coffee,Montgomery St
Foccacia,Millbrae
Great China,Downtown Berkeley
Yali's Cafe,Downtown Berkeley
Xolo Taqueria,19th St/Oakland
Bir Kitchen,24th St/Mission
AsiaSF,Civic Center/UN Plaza
Curry Up Now,19th St/Oakland
Feng Cha,Powell St
Lao Table,Montgomery St
Uno dos tacos,Montgomery St
Chatz Coffee,Montgomery St
Luke’s Lobster,Montgomery St
Working Girls’ Cafe,Montgomery St
Village Tea House,Montgomery St
Vida Cantina,Montgomery St
Starbucks,Montgomery St
Eden Plaza Cafe,Lake Merritt
Home of Chicken & Waffles,Lake Merritt
Modi,Montgomery St
Cotogna,Embarcadero
Burma Love,Powell St
Mission Chinese Food,16th St/Mission
Amazona's Pizza,19th St/Oakland
Sana'a Cafe,12th St/Oakland City Center
Scooter's,Pittsburg/Bay Point
Lotus Cafe,Union City
Bar Sprezzatura,Embarcadero
Cafe Madeleine,Montgomery St
The Sentinel,Montgomery St
zevi café & bistro,Powell St
The Harlequin,Powell St
Bird & Buffalo,MacArthur
The Wood Tavern,Rockridge
Khana Peena,Rockridge
Ryoko's,Powell St
Ippuku,Downtown Berkeley
Athenian Deli and Cafe,19th St/Oakland
The Bird,Montgomery St
Kaiwa Sushi,Walnut Creek
Crepes Oh-la-la,Walnut Creek
Locust Street Cafe,Walnut Creek
La Playa,16th St/Mission
Sharo,Walnut Creek
Sens,Embarcadero
Tadich Grill,Embarcadero
Juice Appeal,Downtown Berkeley
Marhabah,12th St/Oakland City Center
Molcajete,19th St/Oakland
Roxanne Cafe,Powell St
Lori's Diner,Powell St
The Function,Civic Center/UN Plaza
Starbucks,Civic Center/UN Plaza
Pampas Cafe,Castro Valley
Sapphire,Embarcadero
Tin,Powell St
Peet's Coffee,El Cerrito Plaza
Grand Golden Bay Seafood,Union City
Strizzis,Fremont
Viridian,19th St/Oakland
Lulu Cafe,19th St/Oakland
World Famous HotBoys,12th St/Oakland City Center
Rose Garden Uptown,19th St/Oakland
Naan n Curry,12th St/Oakland City Center
Mama T's,19th St/Oakland
Zino,Downtown Berkeley
Sconehenge,Ashby
Peet's Coffee,Hayward
Los Pericos,Hayward
Taqueria Maria,Colma
Shooting Star Cafe,12th St/Oakland City Center
Cam Huong Bakery,12th St/Oakland City Center
Ippudo,Downtown Berkeley
Chutney,Powell St
Murales Wine Bar & Tapas,16th St/Mission
AC Lounge,12th St/Oakland City Center
Stable Cafe,16th St/Mission
The View Lounge,Powell St
Pie Punks,Montgomery St
Mehfil Indian Restaurant,Montgomery St
DaDa Bar,Montgomery St
Caramba,Montgomery St
Madarae,Montgomery St
Yank Sing,Montgomery St
Flywheel Coffee Roasters,Montgomery St
Sutter Station Tavern,Montgomery St
5A5 Steak House,Embarcadero
Cafe Insalata,Embarcadero
Kokkari Estiatorio,Embarcadero
Ravi,Embarcadero
620 Jones,Powell St
Henry's Hunan Restaurant,Montgomery St
Schroeder's Restaurant,Embarcadero
Rico Mex,Montgomery St
Oak-Dar,12th St/Oakland City Center
Amber India,Powell St
Local Diner,Civic Center/UN Plaza
Escape from New York Pizza,Montgomery St
Wildhawk,16th St/Mission
Eat @ Thai,North Berkeley
Caffe Teatro,12th St/Oakland City Center
ABSteak,Powell St
Executive Order,Powell St
Cold Stone Creamery,Hayward
Hayward City Pho,Hayward
Angeline's Louisiana Kitchen,Downtown Berkeley
Sightglass Coffee,Civic Center/UN Plaza
Bouche,Montgomery St
Turf Club,Hayward
Sandwich Zone,Downtown Berkeley
Kitava Kitchen,Walnut Creek
Hinata Sushi,Hayward
Revolution Cafe,West Oakland
Piccolo Italia,Civic Center/UN Plaza
Sun Sun Sushi Shop,Downtown Berkeley
Ezzo Rotisserie,24th St/Mission
Chao Pescao,Civic Center/UN Plaza
Cunha's Cocktails,San Leandro
Starbucks,El Cerrito del Norte
Tropisueño,Powell St
Toust,Downtown Berkeley
Caffè Bianco,Montgomery St
Northern China BBQ,Civic Center/UN Plaza
Make Out Room,24th St/Mission
Zombie Village,Powell St
Press Club,Powell St
IHOP,El Cerrito del Norte
Donburi Ya,Powell St
Chaat Corner,Montgomery St
Bocado,Montgomery St
Little Delhi,Powell St
Fang,Montgomery St
Happy Burrito #1,19th St/Oakland
Moya Cafe,Civic Center/UN Plaza
Fellini Coffee Bar,North Berkeley
Opa,Walnut Creek
Los Dos Hermanos,South Hayward
E&O Kitchen and Bar,Montgomery St
Scott's Chowder House,Montgomery St
Papalote Mexican Grill,24th St/Mission
Chome,24th St/Mission
Taqueria El Farolito,24th St/Mission
DeliShack,Civic Center/UN Plaza
Mey Cafe and Bakery,Ashby
Epic Steak,Embarcadero
Homey Kitchen,16th St/Mission
Starbucks,El Cerrito Plaza
All Star Donuts,El Cerrito Plaza
Pink Elephant,Montgomery St
Buckhorn,Powell St
Aaha Indian Cuisine,16th St/Mission
Raw Sugar Factory,16th St/Mission
Super Duper Burger,Embarcadero
Prospect,Embarcadero
Cafe La Boheme,24th St/Mission
Big Bite Burgers & Beers,24th St/Mission
Paprika,24th St/Mission
Rocks Den,Glen Park
Zabb Cuisine,Glen Park
Fiore Caffè,24th St/Mission
Kinda Izakaya,Downtown Berkeley
Old Jerusalem,24th St/Mission
The Liberties,24th St/Mission
Sarita's Grill & Beer,24th St/Mission
Aditi,24th St/Mission
Shaska,24th St/Mission
Diwali Indian Cuisine,24th St/Mission
Pazzia,Montgomery St
Flying Pig Bistro,16th St/Mission
Binge Coffee House,Downtown Berkeley
Saigon Express,Downtown Berkeley
Miss Saigon,Powell St
Charlie's Cafe,24th St/Mission
Homestead,16th St/Mission
Heirloom Cafe,24th St/Mission
Quince,Embarcadero
Starbucks,Embarcadero
Way Station Brew,Downtown Berkeley
Arinell Pizza,Downtown Berkeley
Heroic Italian,Downtown Berkeley
Thanh Tam II,16th St/Mission
Delicious Thai Kitchen,Rockridge
bb.q Chicken,Rockridge
The Butcher's Son,Downtown Berkeley
Rose Pizzeria,Downtown Berkeley
The Sandwich Place,16th St/Mission
The Occidental Cigar Club,Montgomery St
Bag O' Crab,San Leandro
The Summer Place,Powell St
Cinnabar,Powell St
Nuha's Cafe,Downtown Berkeley
Jazzcaffé,Downtown Berkeley
Lox Stock & Bagel,Downtown Berkeley
Red Tomato Pizza House,Downtown Berkeley
Tallboy,MacArthur
States Coffee,MacArthur
Ole Ole Burrito Express,19th St/Oakland
Roast & Toast Cafe,Downtown Berkeley
Tsuruya,Downtown Berkeley
St. Regis Hotel Lobby Bar,Montgomery St
Wise Sons,MacArthur
Bocanova,12th St/Oakland City Center
Coffee Bodega,Embarcadero
El Rio,24th St/Mission
Dumpling Day,Downtown Berkeley
Toss Noodle Bar,Downtown Berkeley
Starbucks,Pleasant Hill/Contra Costa Centre
Asha Tea House,Downtown Berkeley
Imm Thai Street Food,Downtown Berkeley
Cafe Rio,Downtown Berkeley
Platano,Downtown Berkeley
Cafe Tibet,Downtown Berkeley
Monte's Bar,Montgomery St
SAJJ Mediterranean,Montgomery St
Leleka,Montgomery St
Panchita's Pupuseria To-Go,16th St/Mission
Raven Bar,Civic Center/UN Plaza
Precita Social,24th St/Mission
The Garden Restaurant,Montgomery St
Foreign Cinema,24th St/Mission
Cole Coffee,Rockridge
Union Square Sports Bar,Powell St
Comal,Downtown Berkeley
Almare,Downtown Berkeley
Sushi Secrets,Downtown Berkeley
Udupi Palace,Downtown Berkeley
Chaat Cafe Express,Montgomery St
Little Plearn Thai Kitchen,Downtown Berkeley
眷湘 Easterly,Downtown Berkeley
Tip-Sea,Downtown Berkeley
Nikko Sushi,Downtown Berkeley
Caffè Macaroni,Embarcadero
I Love Teriyaki & Sushi,Concord
Tay Ho Restaurant,12th St/Oakland City Center
Peony Restaurant,12th St/Oakland City Center
Ernest,16th St/Mission
Andersen Bakery,Civic Center/UN Plaza
Happy Lemon,Downtown Berkeley
Capital One 360 Café,Montgomery St
University Taqueria,Downtown Berkeley
The Sycamore,16th St/Mission
Rad Radish,Civic Center/UN Plaza
Lers Ros,Civic Center/UN Plaza
Taqueria Cancun,16th St/Mission
Gadani,Downtown Berkeley
El Tepa,16th St/Mission
Tea Hut,Downtown Berkeley
Sukho Thai,Rockridge
Ben 'N Nick's Bar & Grill,Rockridge
Highwire Coffee Roasters,Rockridge
Hudson Cafe,Rockridge
STK Steakhouse,Embarcadero
Grove To-Go,Montgomery St
Basil Thai Resaurant & Bar,Civic Center/UN Plaza
Gallardo's,16th St/Mission
Dolores Park Cafe,16th St/Mission
Bandit,16th St/Mission
Joe & The Juice,Montgomery St
Waterbar,Embarcadero
Starbucks,Fruitvale
CyBelles Pizza,Colma
Taqueria Los Altos,24th St/Mission
Mr. Pickle's Sandwich Shop,16th St/Mission
Blue Plate,24th St/Mission
Royal Cuckoo,24th St/Mission
Sweet Basil Thai Cuisine,24th St/Mission
Starbucks,Millbrae
Beloved Cafe,24th St/Mission
Salmon Bar,16th St/Mission
Red Bay Coffee,Ashby
SF Grill,16th St/Mission
Frisco Flavor,24th St/Mission
Variety Club Preview Room,Montgomery St
Good Good Culture Club,16th St/Mission
Roundup Saloon,Lafayette
Village Pizza,Orinda
Shadow Ultra Lounge,12th St/Oakland City Center
Nation's Giant Hamburgers,12th St/Oakland City Center
Awaken Cafe,12th St/Oakland City Center
Robin's Cafe,16th St/Mission
Curry King,Union City
Sweet Mex,Union City
Mountain Mike's,Union City
Mai's Kitchen,Union City
Tang's Haus,Union City
Thai Village,Union City
Mr Green Bubble,Union City
District,12th St/Oakland City Center
"T'chaka, Taste of Haiti",12th St/Oakland City Center
Brasa Bros,24th St/Mission
Bix,Embarcadero
Bar & Bean Fusion,Civic Center/UN Plaza
Cancún,Downtown Berkeley
Perry's,Embarcadero
Angler,Embarcadero
alaMar Dominican Kitchen and Bar,19th St/Oakland
The Cook and Her Farmer,12th St/Oakland City Center
Las Guerrera's,12th St/Oakland City Center
Special Xtra,Montgomery St
Local Kitchen & Wine Merchant,Montgomery St
The Phone Booth,24th St/Mission
Elsy's,24th St/Mission
Red Cafe,24th St/Mission
Pandora Karaoke Bar,Powell St
Cumaica,Civic Center/UN Plaza
Yakiniku Shodai,Civic Center/UN Plaza
All Star Cafe,Civic Center/UN Plaza
Moonglow at Gold Palm,19th St/Oakland
Rocco's Cafe,Civic Center/UN Plaza
Boudin SF,Fremont
Hayes Street Grill,Civic Center/UN Plaza
Rickhouse,Montgomery St
Starbucks,Lafayette
Roam Artisan Burgers,Lafayette
Sextant Coffee Roasters,Civic Center/UN Plaza
Berkeley Social Club,Downtown Berkeley
Daytrip Counter,MacArthur
The Hop Grenade,Concord
El Capitan Taqueria,Civic Center/UN Plaza
Huangcheng Noodle House,12th St/Oakland City Center
New Gold Medal,12th St/Oakland City Center
Tierra Mia,19th St/Oakland
Marin's Coffee and Kitchen,19th St/Oakland
Oakland Cafe,12th St/Oakland City Center
Osha Thai,Embarcadero
Stone Korean Kitchen,Embarcadero
Portumex,Richmond
Little Bird,12th St/Oakland City Center
Drexl,19th St/Oakland
Local Edition,Montgomery St
Tane Vegan Izakaya,Downtown Berkeley
Odin,Lake Merritt
Taqueria Guadalajara,24th St/Mission
Big Chef Tom's Belly Burgers,Civic Center/UN Plaza
Hoi Polloi,Ashby
Caravaggio,Downtown Berkeley
Cafe Buenos Aires,Ashby
Emilia's Pizzeria,Ashby
La Familia,Ashby
Munch India,Ashby
Nick's Pizza,Ashby
The Brazilian Spot,24th St/Mission
Bamboo Asia,Montgomery St
Irma's Pampagna Restaurant,16th St/Mission
Turtle Tower,Civic Center/UN Plaza
Little Chihuahua,16th St/Mission
Taylor Street Coffee Shop,Powell St
Oori Rice Triangles,Downtown Berkeley
El Garage,Richmond
Los Cilantros,Ashby
Yank Sing,Embarcadero
La Taqueria,24th St/Mission
Esperpento,24th St/Mission
Tullio's,Walnut Creek
Una Pizza Napoletana,Civic Center/UN Plaza
Punjab Kabab House,Powell St
Shawarmaji,19th St/Oakland
dragoneats,Montgomery St
Oasis Grill,Montgomery St
The Double Standard,19th St/Oakland
Three Stone Hearth,North Berkeley
Bento House,12th St/Oakland City Center
Boba Guys,Montgomery St
Taqueria Mana,Montgomery St
Uncle Vito's Pizzeria,Powell St
The Cheesecake Factory,Powell St
Salty's,Civic Center/UN Plaza
The CAVALIER,Powell St
SOMA Restaurant & Bar,Powell St
Mariposas,Powell St
Heytea,Powell St
Peet's Coffee,Powell St
Sool Bar and Lounge,Montgomery St
Sutter Cafe,Montgomery St
New China,Union City
Dirty Habit,Powell St
Taco & Co.,Pittsburg Center
Cafe du Soleil,Montgomery St
SPiN SF,Montgomery St
Trace,Montgomery St
California Pizza Kitchen,Montgomery St
Lucy Blue,19th St/Oakland
Jump Start Coffee & Grocery,24th St/Mission
Pizza Marica,Rockridge
Menya Kanemaru,16th St/Mission
Pizza Zone N Grill,16th St/Mission
,24th St/Mission
Philz Coffee,Rockridge
Fort Point,Rockridge
T-Bear,Downtown Berkeley
Tupper & Reed,Downtown Berkeley
Crepes a Go Go,Downtown Berkeley
Rojbas Grill,Downtown Berkeley
Manzoni,Glen Park
Manora`s Thai Cuisine,16th St/Mission
The Willows,16th St/Mission
Mad Oak,Lake Merritt
Siam Orchid,Orinda
StreetTaco,Civic Center/UN Plaza
Turquaz,Civic Center/UN Plaza
Mourad,Montgomery St
Shoji,Montgomery St
Aburaya,19th St/Oakland
Novela,Montgomery St
SOMA Eats,Montgomery St
Natoma Cabana,Montgomery St
Siam Palace,Hayward
Golden Lotus,Civic Center/UN Plaza
Pho 2000,Civic Center/UN Plaza
Los 3 Cachanillas,Civic Center/UN Plaza
Hoa Phat,Civic Center/UN Plaza
Cafe 450 Eurest Dining,Civic Center/UN Plaza
Lone Palm,24th St/Mission
Taqueria Los Gallos,Concord
Haha Sushi Ramen,Hayward
Picaro,16th St/Mission
The Nite Cap,Civic Center/UN Plaza
La Pinata,Fremont
Idly Express,Fremont
Go Chaatzz!,Fremont
Sushi Ken,Fremont
Tigon,El Cerrito Plaza
Golden Gate Donuts,MacArthur
Kokio Republic,Powell St
D'Maize,Balboa Park
Taquerria Castillo B2,Powell St
Delam,24th St/Mission
NTR Biryani,24th St/Mission
Bottega,24th St/Mission
Mission's Kitchen,24th St/Mission
The Marsh Cafe,24th St/Mission
Drake's Dealership,19th St/Oakland
Mountain Mike's,Castro Valley
Yia-Yia's Sandwiches,Lake Merritt
Boulevard,Embarcadero
Victory Point Cafe,Downtown Berkeley
Spats,Downtown Berkeley
Agave Grill,Concord
Kura Revolving Sushi Bar,Downtown Berkeley
café suspiro,Civic Center/UN Plaza
North India,Montgomery St
Gum Kuo,12th St/Oakland City Center
Tian Jin Dumplings,12th St/Oakland City Center
Sobo Ramen,12th St/Oakland City Center
Binh Minh Quan,12th St/Oakland City Center
Biryani Kabab Halal Indian and Pakistani Cuisine,12th St/Oakland City Center
Spices 3!,12th St/Oakland City Center
Sweetheart Cafe,12th St/Oakland City Center
Spices Noodle House,12th St/Oakland City Center
Fresh & Best Cafe 2,12th St/Oakland City Center
Hello Stranger,19th St/Oakland
Alma,19th St/Oakland
Halal Burgers,Lake Merritt
The Legionnaire Saloon,19th St/Oakland
Bolo's Bites,19th St/Oakland
Kingston 11 Cuisine,19th St/Oakland
Que Rico,12th St/Oakland City Center
Sushi Villa,19th St/Oakland
Baba's House,12th St/Oakland City Center
The Hatch,12th St/Oakland City Center
Java Supreme,16th St/Mission
Maxfield's House of Caffeine,16th St/Mission
Wakamatsu,Hayward
Kang Tong,MacArthur
Big Daddy's Chinese Restaurant,MacArthur
Loló,24th St/Mission
Mission Street Oyster Bar,16th St/Mission
Echigo Home Cook,16th St/Mission
Curio,16th St/Mission
Peet's Coffee,Concord
Starbucks,Concord
Pintoh Thai,12th St/Oakland City Center
Delicious Curry House,12th St/Oakland City Center
Edible Happy Pizzeria,12th St/Oakland City Center
Town Fare,Lake Merritt
Key Klub,Powell St
Izakaya Yoki,Powell St
Parliament,12th St/Oakland City Center
Battambang,12th St/Oakland City Center
Cafe Gabriela,12th St/Oakland City Center
Zara,12th St/Oakland City Center
Oolong Noodles,Embarcadero
Melt Me Creamery,Downtown Berkeley
Cafe Dareye,19th St/Oakland
The Punchdown,19th St/Oakland
Koffee Pot,19th St/Oakland
Gogi Time,19th St/Oakland
Jitters and Shakes Cafe,19th St/Oakland
Trestle,Embarcadero
Modern Coffee,19th St/Oakland
Lounge Chinatown,12th St/Oakland City Center
BA-LE,12th St/Oakland City Center
Best Taste Restaurant,12th St/Oakland City Center
Sun Hing Restaurant,12th St/Oakland City Center
Zeng's Family Kitchen,12th St/Oakland City Center
Las Guerrera's Comida Costeña,12th St/Oakland City Center
Imperial Soup,12th St/Oakland City Center
Royaltea,12th St/Oakland City Center
Full House Cafe,Lake Merritt
Saint Anna Coffee Shop,12th St/Oakland City Center
Guangdong BBQ,12th St/Oakland City Center
Big Dish Restaurant,12th St/Oakland City Center
Joy Luck,Lake Merritt
Ying Kee Restaurant,12th St/Oakland City Center
i Tea,12th St/Oakland City Center
Cam Anh,12th St/Oakland City Center
Cafe 88,12th St/Oakland City Center
R' Noodles & Bakery,12th St/Oakland City Center
Quickly,12th St/Oakland City Center
Yummy Dim Sum,12th St/Oakland City Center
Phnom Penh House,Lake Merritt
Mam Hanoi,Lake Merritt
Alice Street Bakery Cafe,Lake Merritt
Chatime,Lake Merritt
Mr. Liu Noodle House,12th St/Oakland City Center
Nature Vegetarian Restaurant,12th St/Oakland City Center
Botbar Coffee,12th St/Oakland City Center
High XII,12th St/Oakland City Center
Lanee Kefa Coffee,Lake Merritt
Andytown Coffee Roasters,16th St/Mission
Mikado Sushi,16th St/Mission
Nardi Restaurant,MacArthur
Ramen Izakaya Goku,16th St/Mission
Stanza,16th St/Mission
Burma Love,16th St/Mission
Annapurna,12th St/Oakland City Center
Yoyo's,Embarcadero
Gyro King,Civic Center/UN Plaza
Buddha,Montgomery St
Grant Place,Montgomery St
Hon's Wun-Tun House,Montgomery St
Ramen Shop,Rockridge
There/There,19th St/Oakland
La Oaxaqueña,16th St/Mission
United Nations Cafe,Civic Center/UN Plaza
Hi Hat,24th St/Mission
Bad Walter's,Rockridge
Redfield,Rockridge
Koryo,MacArthur
Itani Ramen,19th St/Oakland
Hanshin Pocha,MacArthur
Miharu Ice Cream,19th St/Oakland
Southpaw,16th St/Mission
Yucatasia,16th St/Mission
Peking Garden,Montgomery St
iCafe SF,Montgomery St
Golden Star Vietnamese Restaurant,Montgomery St
Taava Kitchen,19th St/Oakland
Mothership,24th St/Mission
El Castillito,16th St/Mission
La Espiga De Oro,24th St/Mission
Aramex,16th St/Mission
Vallartas Taco Bar,16th St/Mission
Western Donut Chinese Food,16th St/Mission
Chiaroscuro,Embarcadero
High Horse SF,Embarcadero
Kusakabe,Embarcadero
Tricolore,Embarcadero
Oasis Grill,Powell St
The Grove,Montgomery St
Iron & Oak Restaurant and Bar,12th St/Oakland City Center
Twelve Bar Lounge,12th St/Oakland City Center
Micro Yali's,Downtown Berkeley
Joy Hing B.B.Q Noodle House,Montgomery St
Blue Bottle,Montgomery St
The Treasury,Montgomery St
Muracci's Japanese Curry and Grill,Montgomery St
Chicken G's,Montgomery St
Leo's Oyster Bar,Embarcadero
Kabuki Sushi,Antioch
Hillcrest Restaurant and Taphouse,Antioch
Sticky Rice Cafe,Fruitvale
El Gato Negro Bar,Fruitvale
El Paisa Taco,Fruitvale
Hornitos Cafe,Fruitvale
Tacos Sinaloa 2,Fruitvale
Cheri's Ice Cream and Deli,Fruitvale
Golden Hours,Fruitvale
Los Panchos,24th St/Mission
Bac Lieu,24th St/Mission
Taqueria Can-Cún,24th St/Mission
Fat Cat x The Mantis,24th St/Mission
The Knockout,24th St/Mission
Pagan Idol,Montgomery St
Akiko's,Montgomery St
Sweet Chinito,24th St/Mission
Ben's,Lake Merritt
Prubechu,16th St/Mission
YAMO,16th St/Mission
Taqueria El Buen Sabor,16th St/Mission
El Mil Amores,16th St/Mission
Enoteca Molinari,Rockridge
Aung Myanmar,12th St/Oakland City Center
Stars & Stripes Cafe,Fruitvale
Sidewalk Juice,24th St/Mission
Taste of Safari Restaurant and Grill,19th St/Oakland
Falafel Boy,19th St/Oakland
Equator Coffee,Downtown Berkeley
Hala Hala Cafe,24th St/Mission
Round Table Pizza,Hayward
Latte Express,Montgomery St
R & G Lounge,Montgomery St
State Side Cafe,12th St/Oakland City Center
Mun-cheeze,12th St/Oakland City Center
City Cup,12th St/Oakland City Center
Vault Cafe,Ashby
Wise Sons,24th St/Mission
Quickly,Balboa Park
Orchids Cafe,Balboa Park
Ada's Cafe,Ashby
Fiesta Bowls,16th St/Mission
El Salvador Restaurant,16th St/Mission
Hogar Latino,Fruitvale
Los Cocos,Fruitvale
El Grullense,Fruitvale
Mr Lucky's,Walnut Creek
Starbucks,Walnut Creek
El Faro,Montgomery St
Mo'z,Powell St
Yemeni Kebab & Mediterranean,Powell St
Gaslamp Cafe,16th St/Mission
Sutter Street Cafe,Powell St
The Blue Room,Powell St
City Chopsticks,Powell St
Fresh Brew Coffee,Powell St
Parrot Pizzeria & Rotisserie,Powell St
Beauty Bar,16th St/Mission
Bun Mee,Montgomery St
Tekka House,Glen Park
Gialina,Glen Park
La Corneta Taqueria,Glen Park
Glen Park Station,Glen Park
La Bonita Taqueria,19th St/Oakland
Sandwicheez Burger,19th St/Oakland
Kinfolx,19th St/Oakland
Agave Uptown,19th St/Oakland
Starbucks,Hayward
The Royale,Powell St
Sears Fine Food,Powell St
Doña Mago,16th St/Mission
Boudin Bakery & Cafe,Embarcadero
The Rumpus Room,Powell St
Laney Bistro,Lake Merritt
The Perennial,Civic Center/UN Plaza
Blind Tiger,19th St/Oakland
Little Bistro,12th St/Oakland City Center
Khatan Sushi,12th St/Oakland City Center
Sunflower,16th St/Mission
Poke Bowl,Balboa Park
Yammy Sushi,El Cerrito Plaza
Chef's,El Cerrito Plaza
Mel-O-Dee,El Cerrito Plaza
Starbucks,San Bruno
Capital Restaurant,Montgomery St
Los Molcajetes,Castro Valley
Pied Piper,Montgomery St
The Garden Court,Montgomery St
Plentea,Montgomery St
Onigilly,Montgomery St
Tin,Montgomery St
Tartine Manufactory,16th St/Mission
Mister Jiu's,Montgomery St
Korean House,Hayward
Starbucks Pick Up,Embarcadero
Coqueta,Embarcadero
Thoughts,Civic Center/UN Plaza
Angie's,16th St/Mission
Marty’s Grill,Richmond
111 Minna Gallery,Montgomery St
Mountain Mike's,19th St/Oakland
Rockridge Cafe,Rockridge
The Chocolate Dragon,Rockridge
A16,Rockridge
Judoku Sushi,Rockridge
The Burrito Shop,Rockridge
Pucquio,Rockridge
À Côté,Rockridge
hed verythai,Montgomery St
Katy's Creek,Walnut Creek
Cafe La Scala,Walnut Creek
Benu,Montgomery St
Peter's Big Pumpkin Espresso,19th St/Oakland
Balancoire,24th St/Mission
Romano's Macaroni Grill,El Cerrito Plaza
Tapas Bar,Civic Center/UN Plaza
Taqueria La Cocina,El Cerrito Plaza
Bartlett Hall,Powell St
B Restaurant and Bar,Powell St
Marufuku Ramen,MacArthur
T4 Tea For U,12th St/Oakland City Center
Plenty,19th St/Oakland
Dahlia,16th St/Mission
Pho Tan Hoa,Powell St
International Smoke,Embarcadero
Wuong Luang Thai Cuisine,Concord
The Old Spaghetti Factory,Concord
Lima,Concord
Vinnie's Bar & Grill,Concord
Loard's Ice Cream,Concord
Pacific Cocktail Haven,Powell St
El Techo,24th St/Mission
Lazy Bear,16th St/Mission
Doc's Clock,24th St/Mission
Las Palmeras,24th St/Mission
El Farolito Bar,24th St/Mission
Silverstone Coffee,24th St/Mission
Cinco Taco Bar,Bay Fair
Round Table Pizza,Pittsburg/Bay Point
Mom's Donuts,Pittsburg/Bay Point
Starbucks,West Dublin/Pleasanton
Subway,West Dublin/Pleasanton
New Honolulu,Montgomery St
Peet's Coffee,Civic Center/UN Plaza
Bare Knuckle Pizza,12th St/Oakland City Center
Delah Coffee,Embarcadero
Homeroom To Go,MacArthur
Supremo's Pizza,Powell St
Fish & Farm,Embarcadero
Castillito Yucateco,16th St/Mission
Poc-Chuc,16th St/Mission
So Hunan,Montgomery St
The Barrel Room,Embarcadero
Tokyo Express: Teriyaki House,Montgomery St
Today Food,Montgomery St
Morning Brew,Embarcadero
Palio,Montgomery St
Taqueria Castillo,Civic Center/UN Plaza
Kirimachi Ramen,Embarcadero
Mangia Tutti Ristorante,Montgomery St
Paparikas,Montgomery St
Bistro Burger,Embarcadero
Chim,Montgomery St
Gochees Pizza,Embarcadero
Perbacco,Embarcadero
Plaj,Civic Center/UN Plaza
Shizen,16th St/Mission
The Coffee Smith,Civic Center/UN Plaza
Sababa,Montgomery St
Foundation Cafe,Montgomery St
Ayola,Montgomery St
DeAfghanan,Montgomery St
Rock,Montgomery St
Hai's Restaurant,Civic Center/UN Plaza
Lafayette Coffee Shop,Civic Center/UN Plaza
Morty's,Civic Center/UN Plaza
Jin Mi Korean Cuisine,Civic Center/UN Plaza
Dandelion Chocolate Factory & Café,16th St/Mission
Jade Cafe,16th St/Mission
Cathay House,Montgomery St
Working Girls Cafe,Montgomery St
Sing Sing,Civic Center/UN Plaza
Obscenity Bar & Lounge,Powell St
Baklava Story,16th St/Mission
Jonell's,Powell St
Sabra Grill,Montgomery St
Hang Ah Tea Room,Montgomery St
Yokee Milk Tea,Montgomery St
La Fusión,Montgomery St
Chez Beesen,Embarcadero
Credo,Montgomery St
Momos and More,Montgomery St
Mr. Mahjong,Montgomery St
Asha Tea House,Montgomery St
Proper Food,Montgomery St
Salt House,Montgomery St
Cafe Atlas,Embarcadero
Cafe Ellis,Civic Center/UN Plaza
Kim Huong,Civic Center/UN Plaza
Lin's Kitchen,Powell St
Mom Banh Mi,Powell St
Chicos Pizza,Powell St
Falafel City,Powell St
The Pantry Pizza and More,Lake Merritt
Canasta Kitchen,Concord
Bay Leaf Cafe,Concord
BK Miyabi,Concord
Baskin-Robbins,Concord
Social Bird,Lafayette
Tacolicious,16th St/Mission
Tastee Steam Kitchen,12th St/Oakland City Center
Duchess,Rockridge
Tapioca Express,Union City
Mifen 101,Union City
Fino Bar & Restaurant,Powell St
Anton's Falafel House,Civic Center/UN Plaza
Mosto,16th St/Mission
Café Gourmand,Civic Center/UN Plaza
Tacos Panchos,Concord
Chai Bar by David Rio,Civic Center/UN Plaza
American Kitchen,Lafayette
Tutu's,Lafayette
Lafayette Public House,Lafayette
The cooperage,Lafayette
Taqueria La Cumbre,16th St/Mission
Vietnam House,Civic Center/UN Plaza
Naan 'n' Curry,Concord
Cream,Concord
T's Fire House Indian Cuisine & Sports Bar,Lafayette
Bar Fluxus,Montgomery St
Arthur Mac's Tap & Snack,MacArthur
Mushin,12th St/Oakland City Center
Gambino’s,Embarcadero
Cafe Orchid,Millbrae
El Aji,24th St/Mission
Asu Mare! #2,24th St/Mission
Finjan Qahwa,24th St/Mission
Cha Cha Cha,16th St/Mission
Pabu,Embarcadero
Little Sweet,16th St/Mission
The Jelly Donut,24th St/Mission
Chili Cha Cha 2,24th St/Mission
El Trebol,24th St/Mission
Evil Eye,24th St/Mission
Forage Kitchen,19th St/Oakland
Taqueria San Jose,24th St/Mission
Wahpepah's Kitchen,Fruitvale
Baby Blues BBQ,24th St/Mission
La Traviata,24th St/Mission
Chavita's Mexican Restaurant,24th St/Mission
El Rinconcito Nicaraguense,24th St/Mission
Tasty Coffee,Glen Park
Joodooboo,MacArthur
Do-Re-Mi,16th St/Mission
Amakara,West Dublin/Pleasanton
Mom's Soul Groove,Civic Center/UN Plaza
Wiki Wiki Hawaiian BBQ,Downtown Berkeley
Fong Kee Claypot,Union City
Spicy King,Montgomery St
Red Onion,El Cerrito del Norte
Skipolini's Pizza,Concord
Split Bread,Montgomery St
Uno Dos Tacos,Montgomery St
Homegrown,Embarcadero
Musashi,Downtown Berkeley
Delarosa,Powell St
Cream,16th St/Mission
Cafe La Noisette,16th St/Mission
Pink Onion,16th St/Mission
Linea Cafe,16th St/Mission
Mensho Ramen,Powell St
Cafe Tapioca,West Dublin/Pleasanton
Phở Kim Long,Milpitas
Kinder's,Walnut Creek
Shanghai Gourmet,Walnut Creek
Snow Garden Restaurant,Montgomery St
Starbucks,Castro Valley
Rigatoni's Fresh Italian Grill,Castro Valley
Vitality Bowl,Castro Valley
Posh Bagel,Castro Valley
Loard's Ice Cream,Castro Valley
Phulkari Indian Cuisine,Castro Valley
Cheese Steak,Castro Valley
Don Jose's Mexican Restaurant,Castro Valley
Chef's Express,Castro Valley
Rita's Italian Ice,Castro Valley
The Burrito Shop,Castro Valley
Turo Cafe and Grill,Balboa Park
Pasta Primavera,Pleasant Hill/Contra Costa Centre
Chez Nguyen,Montgomery St
Breakfast Little,24th St/Mission
Yemen Kitchen,Civic Center/UN Plaza
7Leaves Cafe,Berryessa/North San José
Annie’s Ice Cream Gelato,Downtown Berkeley
Portales Taqueria,Castro Valley
84 Viet,Downtown Berkeley
Knudsen's Ice Creamery,Castro Valley
The Saint Regis,Montgomery St
Cha’s Kitchen,Berryessa/North San José
Bills Cafe,Berryessa/North San José
Supreme Pizza,16th St/Mission
Beanstalk Cafe,Powell St
Nojo Ramen Tavern,Civic Center/UN Plaza
Onsen,Civic Center/UN Plaza
Blue Nile,Lake Merritt
Seoul Gom Tang,MacArthur
MLK Cafe,MacArthur
Equator Coffees & Teas,19th St/Oakland
Parche,19th St/Oakland
Sanraku,Powell St
Cafe Venue,Embarcadero
Philz Coffee,Embarcadero
Whitechapel,Civic Center/UN Plaza
Goldilocks,Daly City
Morton's The Steakhouse,Powell St
Motivāt Coffee Roasters,12th St/Oakland City Center
Lettuce,Walnut Creek
Mr. Green Bubble,Walnut Creek
Villon,Civic Center/UN Plaza
Ippudo (一風堂),Powell St
Kola Pasi,16th St/Mission
La Flor de Jalisco,Richmond
Cajun Claws Seafood Boil House,19th St/Oakland
Hui Lau Shan,Downtown Berkeley
The BreakRoom,Downtown Berkeley
Snapper's,Richmond
China Kitchen,Hayward
Joe & The Juice,Embarcadero
Barbary Coast,Powell St
Cauliflower,16th St/Mission
Modern Coffee,12th St/Oakland City Center
Maya Halal Taqueria,12th St/Oakland City Center
Biryani Tika Kabab,12th St/Oakland City Center
Pyeong Chang Tofu,North Berkeley
The City Club,16th St/Mission
Little Kite Asian Fusion,24th St/Mission
ExpressPizza,Hayward
Cool Tea Bar,Montgomery St
Café Parisien,Downtown Berkeley
Sobre Mesa,19th St/Oakland
YOKEE,19th St/Oakland
Local Food Adventures,Lafayette
Dumpling Story,16th St/Mission
Creekwood,Ashby
Xiang Yuan Xiao Long Bao,San Leandro
Farm:Table,Powell St
The Parthenon,Powell St
Ruth’s at Treat Street,24th St/Mission
Coffee Bar,Montgomery St
Tamarack,12th St/Oakland City Center
The Dirty Bird Lounge,Hayward
Fortune Cookie,West Oakland
Red Chilli,Powell St
Golden Safari,Hayward
Mixt,19th St/Oakland
Boba Binge,19th St/Oakland
Low Bar,19th St/Oakland
Black cat,Civic Center/UN Plaza
Charmaine's rooftop bar,Civic Center/UN Plaza
The Early Bird Coffee,Hayward
RT Rotisserie,Civic Center/UN Plaza
Kendejah,San Leandro
20 Spot,24th St/Mission
Olive Garden,Milpitas
Cafe La Tazita,Powell St
Café Encore,Powell St
Mixt,Powell St
Win Garden,Glen Park
Glen Park Cafe,Glen Park
West of Pecos,16th St/Mission
Las Brisas de Acapulco,24th St/Mission
Urban Legend Winery Tasting Room,Lake Merritt
Bar Shiru,19th St/Oakland
The Posh Bagel,Embarcadero
Buckhorn Grill,Embarcadero
Far East Cafe,Montgomery St
Leonardo’s Italian Deli & Cafe,Millbrae
United Dumplings,Rockridge
The Sandwich Boss at EPC,Montgomery St
Lotus Leaf,San Leandro
Craftsman and Wolves,16th St/Mission
Peet's Coffee,San Leandro
Good Luck,Montgomery St
Trailblazer Tavern,Embarcadero
Estas Manos Coffee Roasters,Embarcadero
Caffé.in,Union City
Sushi Go Go,Union City
Parilya,Union City
Bar Jamón,Civic Center/UN Plaza
Poets Cafe,Civic Center/UN Plaza
Local Roots,Montgomery St
Cold Stone Creamery,San Bruno
Long Life Vegi House,North Berkeley
Kell’s,Embarcadero
Daol tofu,MacArthur
Artichoke basille's pizza,MacArthur
Mugunghwa,MacArthur
Smokin Woods BBQ,MacArthur
Night Heron,19th St/Oakland
Ladle & Leaf,Montgomery St
Baja Cali Taqueria,Orinda
Cafe Teatro,Orinda
Crazy Pepper,Balboa Park
Oren's Hummus,Montgomery St
Barberio,16th St/Mission
4 Dreams Nepali Indian Cuisine,Downtown Berkeley
Baskin-Robbins,San Leandro
Porridge & Things,Millbrae
American Burgers & BBQ,Civic Center/UN Plaza
Anatolian Table,16th St/Mission
Shanghai China Restaurant,Civic Center/UN Plaza
Zaoh,Civic Center/UN Plaza
Taqueria Pericos,San Leandro
Indian Grill,San Leandro
La Mar Cebicheria Peruana,Embarcadero
Casa Orinda,Orinda
La Piazza,Orinda
Sushi Island,Orinda
Steap Tea & Snack Bar,Montgomery St
Sushi Boat Restaurant,Montgomery St
Kan's,Montgomery St
City View,Montgomery St
Amorino,Montgomery St
Manila Eatery,Colma
Proyecto Diaz Coffee,19th St/Oakland
Nidos' Backyard,Lake Merritt
Mr. Tipple's Recording Studio,Civic Center/UN Plaza
Souvla,16th St/Mission
Becky's,Rockridge
Pekoe,Berryessa/North San José
Lai Rai Restaurant,Berryessa/North San José
Jasmine Thai,Berryessa/North San José
iTea,San Leandro
Phở Cường 2,Berryessa/North San José
Kanteen,16th St/Mission
Tacos Oscar,MacArthur
Burma 2,Walnut Creek
Bangkok Thai Cuisine,North Berkeley
Golden King Vietnamese Restaurant,Montgomery St
Box Kitchen,Powell St
Higher Grounds Coffee House and Restaurant,Glen Park
Pebble's Cafe,Glen Park
Los Cuates,Colma
Xingones,Lake Merritt
Noodles Fresh,Downtown Berkeley
Southie,Rockridge
Peerless Coffee and Tea Espresso and Shop,Lake Merritt
Steps Coffee,Montgomery St
Parada,Pleasant Hill/Contra Costa Centre
Hops & Scotch,Pleasant Hill/Contra Costa Centre
Asiana Garden,Milpitas
Li Yuan Dim Sum,Milpitas
Ozon Cafe,Milpitas
Phở 89,Milpitas
Mama Lupita's,Milpitas
Anja’s,Downtown Berkeley
Elaichi,Downtown Berkeley
El Taconazo,Colma
Chick-N-Coop,Colma
Suily's Cafe,Colma
Yumeya Sushi1,Pleasant Hill/Contra Costa Centre
Heavenly Bistro,Pleasant Hill/Contra Costa Centre
Sharetea,Concord
Taqueria El Farolito,Concord
Hayati Hookah,Downtown Berkeley
West coast pizza,North Berkeley
Keith's Chicken and Waffles,Colma
Los Metates Taqueria,Colma
Al Fin,Colma
Tara's,Rockridge
DIYA Indian and Nepali food,Powell St
Yimm,Rockridge
Oken,Rockridge
Ain't Normal,Rockridge
Rare Tea,Rockridge
Millennium,Rockridge
Holy Basil Pho,Rockridge
RareTea,Downtown Berkeley
Seventh West,West Oakland
Yogurt Park,Downtown Berkeley
San Vicente,Colma
Sichuan Fusion,El Cerrito Plaza
Mi Noodle House,El Cerrito Plaza
Pho Saigon 2,El Cerrito Plaza
Philz Coffee,Fremont
Frodo Joe's Petit Cafe,Fremont
Hinodeya Downtown,Montgomery St
Oakland Street Food Co.,12th St/Oakland City Center
Sam's Cable Car Lounge,Powell St
,Berryessa/North San José
Kyoto Ramen,El Cerrito Plaza
Mastro's Steakhouse,Powell St
Waikiki Hawaiian BBQ,El Cerrito Plaza
Nori roll,El Cerrito Plaza
Scène,El Cerrito Plaza
Happy garden,El Cerrito del Norte
New Dumpling,El Cerrito Plaza
Denny's,El Cerrito del Norte
Larb,El Cerrito Plaza
Noodles Fresh,El Cerrito Plaza
Mugunghwa,El Cerrito Plaza
Tashi Delek,El Cerrito del Norte
Morning Due Café,16th St/Mission
Tadka,24th St/Mission
Hawaiian Drive Inn,Colma
Dinner House,12th St/Oakland City Center
,Colma
Via Mare,Daly City
,Daly City
Cafe Van Kleef,19th St/Oakland
Peet's Coffee,Embarcadero
Bimi Poke,Powell St
Uji Time,Powell St
Ushio Ramen,16th St/Mission
Shewhat Cafe,Ashby
Open Test Kitchen,12th St/Oakland City Center
Yossie's Cantina,Civic Center/UN Plaza
Sideboard,Lafayette
Stookey's Club Moderne,Powell St
Oma Sushi,Powell St
Black Sugar,Powell St
Ton Ton Japanese Ramen House,Powell St
Lapisara,Powell St
iThai,Powell St
The Public Izakaya,Powell St
Timeless Coffee,19th St/Oakland
Metro,Lafayette
Peet's Coffee,Lafayette
CoCo Fresh Tea & Juice,Montgomery St
Cafe Dolci,Powell St
Clock Bar,Powell St
Cityscape Lounge,Powell St
,Montgomery St
Persona,Powell St
Elements Bar and Lounge,Powell St
Joy's Place,Powell St
Bluestone Lane,Powell St
Red Bay Coffee,Montgomery St
Sum Dim Sum,Montgomery St
Enjoy Vegetarian,Montgomery St
Magical Ice Cream,Montgomery St
Matcha Cafe Maiko,Montgomery St
SushiToni,Powell St
iCafe Chinatown,Montgomery St
Sunflower Hawaiian Barbecue,16th St/Mission
Gangnam Tofu Korean Cuisine,El Cerrito del Norte
Cafe Bean,Powell St
Aliment,Powell St
The Beehive,16th St/Mission
Smitten,24th St/Mission
Cha-Ya Vegetarian,16th St/Mission
Sharetea,Powell St
Unagi Shop,Powell St
Big Lantern,16th St/Mission
Gusto,Powell St
Home Coffee Roasters,Montgomery St
Gong Cha,Powell St
New York Pizza Kitchen,Powell St
Rolling Dumpling,Powell St
The Melt,19th St/Oakland
High 5ive,19th St/Oakland
Otto’s,19th St/Oakland
Pizza Due,16th St/Mission
Kona’s Street Market,Montgomery St
Matko,16th St/Mission
Got Pho,San Bruno
Red Circle Dumplings,San Bruno
Lux Pub and Club,12th St/Oakland City Center
Bread Winners,12th St/Oakland City Center
Blue Bottle Coffee,12th St/Oakland City Center
Caffe Ambrosia,Montgomery St
Tad's Steaks,Powell St
Fogo de Chão,Montgomery St
New Ming's Restaurant,Montgomery St
Toy Soldier,Montgomery St
CoCo Bang,Powell St
Le Regency Deli Cafe,Embarcadero
Terminus,Embarcadero
Cafe 22,Powell St
The Little Spot Cafe,24th St/Mission
Poké Bar,Downtown Berkeley
Noody,Downtown Berkeley
KoStop,Downtown Berkeley
Kiss Lounge Bar & Restaurant,19th St/Oakland
Birdsong,Civic Center/UN Plaza
Taqueria El Castillo,Civic Center/UN Plaza
Philz Coffee,Civic Center/UN Plaza
The Library,Powell St
Ox & Tiger,Powell St
SF Eagle,16th St/Mission
Powerhouse,Civic Center/UN Plaza
Little Jane on Grant,Montgomery St
Rio California,12th St/Oakland City Center
The Pawn Shop,Powell St
Mijouri SushiBune,San Bruno
Oyama Sushi,Walnut Creek
Ikoi,Walnut Creek
Lokanta,Walnut Creek
La Cuisine Cafe,Civic Center/UN Plaza
La Sen Bistro,Walnut Creek
Kayma,Civic Center/UN Plaza
Mi Morena,Civic Center/UN Plaza
Estrellita's Snacks,Civic Center/UN Plaza
Boug Cali,Civic Center/UN Plaza
Los Cilantros,Civic Center/UN Plaza
Fluid Cooperative Cafe,Civic Center/UN Plaza
Teranga,Civic Center/UN Plaza
Oke Poke,Walnut Creek
Tacos Walnut Creek,Walnut Creek
Banh Mi Ba Le,El Cerrito Plaza
LITA,Walnut Creek
Grand Lake Kitchen,24th St/Mission
Locali Mediterranean,Embarcadero
The Lark Bar,Montgomery St
Junbi Matcha & Tea,Montgomery St
La Marsa,Powell St
The European,Powell St
Resolute,Powell St
77 Chinese Cuisine & Hawaiian,Embarcadero
Roka Akor,Embarcadero
Max's Opera Cafe,Civic Center/UN Plaza
Kitchen Aloha,Civic Center/UN Plaza
Bar Part Time,16th St/Mission
Nakama Sushi,Civic Center/UN Plaza
Pokéworks,Embarcadero
Noor Indian Fusion Kitchen,North Berkeley
Himalayan Flavors,North Berkeley
Van Ness Cafe & Gyros,Civic Center/UN Plaza
Mela Bistro,19th St/Oakland
Phonobar & Om Sabor,Civic Center/UN Plaza
Himalayan Hub,16th St/Mission
Maruya,16th St/Mission
Burke & Black,Civic Center/UN Plaza
Lapats,Civic Center/UN Plaza
Larkin Restaurant,Civic Center/UN Plaza
Sweet Glory,Civic Center/UN Plaza
Quickly,Civic Center/UN Plaza
Sons & Daughters,Powell St
Starbucks,Union City
Pho Mama,Union City
Sunright Tea Studio,Union City
Din Ding Dumpling House,Union City
Baby Cafe,Union City
Che Lo,Union City
Ramen Shu,Union City
Torch Bar,19th St/Oakland
Kip's Bar and Grill,Downtown Berkeley
Catastrophe Pizza,MacArthur
House of Fusion,Daly City
Sam's Grill,Montgomery St
Lou's Sandwiches Cafe,Embarcadero
Manny's,16th St/Mission
Comfort Collective,12th St/Oakland City Center
Qi Wei House,12th St/Oakland City Center
Chef Yu Chinese Restaurant,MacArthur
Hong Kong Chef,San Leandro
O',Powell St
One65 Bistro & Grill,Powell St
Noodle Time,Embarcadero
Jolly Cafe,12th St/Oakland City Center
The Bird Cage,Powell St
Buoy,Civic Center/UN Plaza
Handroll Project,16th St/Mission
Bluestone Lane,Embarcadero
Café Xiloá,Colma
Chicha San Chen,Downtown Berkeley
Study Hall Rooftop Lounge,Downtown Berkeley
Coffee Hut,Downtown Berkeley
Blue Bottle Coffee,Civic Center/UN Plaza
Nightingale,Montgomery St
El Trebol #2,24th St/Mission
UC Dessert,12th St/Oakland City Center
heist,Powell St
Halal Spot,Civic Center/UN Plaza
Delah Coffee,Powell St
Stick & Steam,Millbrae
Dolores Outpost,16th St/Mission
Plain Jane,24th St/Mission
Louder,Civic Center/UN Plaza
The TL Cafe and Laundromat,Powell St
Mộng Thu,Civic Center/UN Plaza
Zenpo Sushi,Civic Center/UN Plaza
Golden Era Vegan Restaurant,Civic Center/UN Plaza
Boogaloos,24th St/Mission
Fresh Market,Powell St
Café Rito,Powell St
The Oak Room Restaurant,Powell St
ENO Wine Bar,Powell St
Eclipse Kitchen & Bar,Embarcadero
The Market,Embarcadero
Unexpected Era Cafe,Civic Center/UN Plaza
Golden Kim Tar Restaurant,Civic Center/UN Plaza
Chambers,Civic Center/UN Plaza
Spice of India,Civic Center/UN Plaza
Kimbap Heaven,Civic Center/UN Plaza
Secret Bar & Lounge,Civic Center/UN Plaza
uccello Lounge,Civic Center/UN Plaza
Caffe Central,Powell St
Icicles,Powell St
Cafecito,Powell St
Belly,Rockridge
Hideaway Cafe,Powell St
Warakubune Sushi,16th St/Mission
Zen Yai,Civic Center/UN Plaza
Hinata,Civic Center/UN Plaza
Grand Coffee Too,24th St/Mission
Cafe la Rosa,Civic Center/UN Plaza
Sai Jai Thai,Civic Center/UN Plaza
Moongate Lounge,Montgomery St
Dragon Horse,Powell St
Limoncello,24th St/Mission
Todos Cantina + Cocina,19th St/Oakland
Haus of Chefs,19th St/Oakland
Ikon Coffee,San Bruno
Jaji,19th St/Oakland
Ula,Powell St
Montesacro,Civic Center/UN Plaza
Tenderheart,Powell St
Dosa Hut,Fremont
One Milk Tea,12th St/Oakland City Center
Himalayan Cuisine - Nepalese & Indian Restaurant,Concord
Bloom,19th St/Oakland
Sessions on 15th,12th St/Oakland City Center
Minto's,12th St/Oakland City Center
B-Side,Civic Center/UN Plaza
Yonsei Handrolls,19th St/Oakland
Cantoo Latin Asian Rotisserie,Powell St
Dong Baek,Civic Center/UN Plaza
Senor Sisig,19th St/Oakland
Harborview,Embarcadero
Il Canto Cafe,Embarcadero
Nosh Cafe & Catering,Embarcadero
EZ5 Cocktails,Montgomery St
Blind Pig,Montgomery St
Cocina Mayah Restaurant,16th St/Mission
Mother,16th St/Mission
El Cafe Tazo,16th St/Mission
Skylark,16th St/Mission
Buddy,24th St/Mission
The Caffè by Mr. Espresso,12th St/Oakland City Center
Sam's American Eatery,Civic Center/UN Plaza
Club Kristi,Civic Center/UN Plaza
KO,16th St/Mission
Chuck’s Takeaway,16th St/Mission
Acai R,Balboa Park
Philz Coffee,Balboa Park
Pakwan,Balboa Park
Tap In Lounge,Downtown Berkeley
Town Bar and Lounge,19th St/Oakland
Bar TZA,24th St/Mission
La Taza Restaurant and Bar,24th St/Mission
Loltún,24th St/Mission
Fayes Coffee,16th St/Mission
Abanico Coffee Roasters,16th St/Mission
Royal Cuckoo Market,16th St/Mission
Gangnam Jajang,MacArthur
Moo Bong Ri,MacArthur
To The Moon,MacArthur
Don Blanc,MacArthur
Base Camp,24th St/Mission
Jolenes Bar,16th St/Mission
Kin Khao,Powell St
Basa Seafood Express,24th St/Mission
Tio Chilo's Grill,24th St/Mission
Sake Bomb,24th St/Mission
L’s Caffe,24th St/Mission
El Tomate,24th St/Mission
Healthyish Republic,24th St/Mission
Excelsior Coffee,Glen Park
Temo's Coffee,24th St/Mission
Heytea,Downtown Berkeley
Udupi Palace,24th St/Mission
Upfordayz,24th St/Mission
Nina's Cafe,Civic Center/UN Plaza
SomiSomi,Berryessa/North San José
Pizza My Heart,Berryessa/North San José
CoCo Fresh Tea & Juice,Berryessa/North San José
RM212,Montgomery St
China Palace,Pleasant Hill/Contra Costa Centre
IHOP,Pleasant Hill/Contra Costa Centre
Pizzeria Da Laura,Downtown Berkeley
The Rotisserie Deli,12th St/Oakland City Center
Mama's Boy,19th St/Oakland
Calabash,19th St/Oakland
Coco Noir Wine Shop & Bar,12th St/Oakland City Center
Meet Fresh,12th St/Oakland City Center
Nosso,12th St/Oakland City Center
Kings West Coast Pizzeria,Daly City
Fox and Lion Bread Company,16th St/Mission
Carmelita's Taqueria,Union City
Wine Down,Montgomery St
Sana’a Cafe,Montgomery St
Empire Pizza,Montgomery St
Hella Bees,19th St/Oakland
HK Lounge Bistro,Civic Center/UN Plaza
Dessert Cafe,Ashby
Burlap Coffee,MacArthur
Co Nam,MacArthur
K Banchan,MacArthur
Cafe Eritrea d' Afrique,MacArthur
Ok's Deli,MacArthur
Summer Bar & Lounge,12th St/Oakland City Center
Diamond Coffee N' Pastry,Balboa Park
Café de Olla,16th St/Mission
Hotpot Champ,Montgomery St
Decant SF,Civic Center/UN Plaza
Z Hot Pot,Millbrae
Zhen Wei Guan,Millbrae
Mom’s Tofu House,Millbrae
Teaever,Millbrae
T4 Tea For U,Millbrae
Sugandh,Millbrae
New Broadway Bistro,Millbrae
Peet's Coffee,Millbrae
Royal Feast,Millbrae
PPQ Dungeness Island,Millbrae
Wonderful,Millbrae
Chicken Pho You,Millbrae
Sweet Indulgence,Millbrae
Uni Souffle,Millbrae
Thai Stick,Millbrae
Lanzhou Hand Pulled Noodles,Millbrae
Lai Lai,Millbrae
O Sole Mio,Millbrae
9 Noodle House,Millbrae
Ushi Taro Ramen,Civic Center/UN Plaza
Modern Eats,Millbrae
Han Sang,Millbrae
Sixteen Mile House,Millbrae
Gourmet Village,Millbrae
Shanghai Dumpling Shop,Millbrae
Laka Spicy,Millbrae
Sushi Kei,Millbrae
Easterly Hunan Cuisine,Millbrae
Ming's Tasty Restaurant,12th St/Oakland City Center
The Lightbox Café,Embarcadero
Sweet Joanna’s Cafe & Bakery,Embarcadero
Ozuma,Embarcadero
Bahn Mi King,Embarcadero
Steep,Montgomery St
Swahili Spot,West Oakland
Thai Curry,Civic Center/UN Plaza
Gola,16th St/Mission
The Vault Garden,Montgomery St
The Vault Steakhouse,Montgomery St
Latin Steak House,Montgomery St
La Copa Loca,24th St/Mission
Slice House,San Leandro
Luna Restaurant,Concord
Trisara,Montgomery St
Asia Delight,San Leandro
Sons of Liberty,San Leandro
85°C,San Leandro
Bonchon Chicken,San Leandro
Rocky's Charcoal Grill,San Leandro
Ararat Kebab & Gyros,Civic Center/UN Plaza
The Law Café,Civic Center/UN Plaza
Chile Lindo,16th St/Mission
Emperor Norton's Boozeland,Civic Center/UN Plaza
Cento Coffee Systeme D,Montgomery St
Blue Stone Lane,Montgomery St
Fort Point Beer Co.,Embarcadero
Andytown Coffee Roasters,Embarcadero
Signal,Downtown Berkeley
Sizzling Lunch,Downtown Berkeley
DesiLicious,12th St/Oakland City Center
Asian Art Museum Cafe,Civic Center/UN Plaza
Delage,12th St/Oakland City Center
Baygreens,19th St/Oakland
Nectar Social Club,12th St/Oakland City Center
Barcha,Embarcadero
Seven Square Taproom,Montgomery St
Suju's Coffee & Tea,Union City
Nomu,Montgomery St
Que Onda Tacobar,Pleasant Hill/Contra Costa Centre
Yan's China Bistro & Bar,Pleasant Hill/Contra Costa Centre
City Center Pizzeria,12th St/Oakland City Center
Z Zoul Cafe,Powell St
Aunt Charlies Lounge,Powell St
Casa Mayah,Civic Center/UN Plaza
The Old Siam,Powell St
CoffeeShop,24th St/Mission
Hayz Dog,Civic Center/UN Plaza
The Rotunda,Powell St
Shihlin,Milpitas
SPRO,Civic Center/UN Plaza
Villa Taverna,Embarcadero
SomaR Bar,19th St/Oakland
Buena Vida Cantina,Powell St
Gyu-Kaku,Powell St
Hole In The Wall,Civic Center/UN Plaza
Dento Piano Cafe,Civic Center/UN Plaza
Driftwood,Civic Center/UN Plaza
Pinky's Pizza & Pub,Walnut Creek
Kitava Kitchen,16th St/Mission
,16th St/Mission
El Porteño II,16th St/Mission
El Corazón Café,16th St/Mission
Arabian Nights,16th St/Mission
Casements,16th St/Mission
El Honduras,24th St/Mission
La Santaneca de la Mission,24th St/Mission
Mr. Pollo,24th St/Mission
Café GGU,Montgomery St
Pizza Pagaia,Powell St
Boo Loo Lounge,Orinda
Nama Sushi & Teriyaki,Pleasant Hill/Contra Costa Centre
Ono Hawaiian BBQ,Fruitvale
Horn Barbecue,12th St/Oakland City Center
Korner Kitchen and Bar,Fruitvale
Goolutea,Castro Valley
Genji,19th St/Oakland
Garden Creamery,16th St/Mission
Aung Burma,Concord
Fresh Tray,Concord
Fisher Brew,Embarcadero
Aura,Embarcadero
Penelope’s Coffee & Tea,Embarcadero
SOMA Eats,Embarcadero
Working Girls’ Cafe,Embarcadero
Telescope Coffee,Powell St
Yuanbao Jiaozi,Millbrae
Yin Ji Chang Fen,Downtown Berkeley
Teaspoon,Downtown Berkeley
The Third Floor,Embarcadero
Jack's Restaurant,Montgomery St
Jinshan Cafe,Montgomery St
Belotti,Rockridge
Araujo’s Mexican Grill,Berryessa/North San José
Little Sweet,Montgomery St
Roses on Adeline,Ashby
Louie's Bar,Montgomery St
Punsch Bar,Powell St
Izzy & Wooks,Powell St
7 Leaves,Daly City
Peet's Coffee,Orinda
Fourth Bore Tap Room and Grill,Orinda
Serika Japanese Restaurant,Orinda
Petra Cafe,Orinda
Saffron Indian Restaurant & Bar,Orinda
Shelby’s Restaurant,Orinda
Comelones Tacos,Orinda
Loards Ice Cream,Orinda
Europa,Orinda
Atithi Restaurant,Orinda
Maya Mexican Grill,Orinda
Marwa Market and Grill,19th St/Oakland
Katak,Downtown Berkeley
Chémaki,19th St/Oakland
Classic Gullin Rice Noodles,Lake Merritt
Koolfi Creamery,Embarcadero
Cave Lounge,12th St/Oakland City Center
Powderface,Fruitvale
Pyramid Cafe,Embarcadero
Bow Hon Seafood Restaurant,Montgomery St
Starbucks,North Berkeley
Shuggie's Trash Pie & Natural Wine,24th St/Mission
Mountain Mike's,Coliseum
Asha,Montgomery St
Joe's Pho,San Leandro
Round Table Pizza,San Leandro
Masta Gua Malatang & BBQ,San Leandro
United Paleteria y Neveria,San Leandro
Le Soleil Vietnamese Noodles & Grill,San Leandro
Makiyaki,San Leandro
Pelton Cafe,San Leandro
Monk's Kettle,Rockridge
Grace,Montgomery St
Andina,Civic Center/UN Plaza
Asu Mare,Ashby
NYC Buffet,Fruitvale
La Michoacana Plus,Fruitvale
North Beach Pizza,Downtown Berkeley
Lucky Chef Chen,Fruitvale
La Gran Chiquita,Fruitvale
Cafe Platano 2,Fruitvale
Mariscos La Costa,Fruitvale
Taqueria El Farolito,Fruitvale
Taqueria El Tio Juan,Fruitvale
Rinconcito Chapin,Fruitvale
El Huarache Azteca,Fruitvale
Otaez,Fruitvale
Taqueria San Jose,Fruitvale
La Torta Loca,Fruitvale
Taqueria 16 De Septiembre,Fruitvale
Fili-taste,Glen Park
Tadaima,24th St/Mission
El Paraiso,24th St/Mission
Taishoken,16th St/Mission
Sobo Ramen,Downtown Berkeley
Cold Stone Creamery,Downtown Berkeley
Bravo's Pizza,Orinda
Ceré Tea,24th St/Mission
Canyon's Barbecue,Castro Valley
Ono Hawaiian BBQ,Castro Valley
Doug's,Castro Valley
Philz Coffee,Castro Valley
Neal's Coffee Shop,Millbrae
Foccaceria,Rockridge
Radio Habana,24th St/Mission
Citizen Pizza,Lake Merritt
Veggie Today,Concord
Kibi's Cafe,Walnut Creek
Sana’a Cafe,MacArthur
Loveski Deli,Embarcadero
Maison Nico,Embarcadero
Vien Huong Restaurant,12th St/Oakland City Center
C & M Bistro,12th St/Oakland City Center
Chuan Yu,12th St/Oakland City Center
Sakura Bistro,12th St/Oakland City Center
Presotea,Downtown Berkeley
Café con Cariño,12th St/Oakland City Center
Mylapore South Indian Vegetarian,Fremont
Zaitoon,Fremont
Annachikadai,Fremont
Vitality Bowls,Fremont
Angry Chickz Nashville Hot Chicken,Fremont
The Kebab Shop,Fremont
Akemi Sushi,Castro Valley
La Perla Puerto Rican Restaurant,Castro Valley
Jaffa Coffee Roasters,North Berkeley
Michiba Kitchen,24th St/Mission
Qahwa Time,Downtown Berkeley
Sasha Coffee,Downtown Berkeley
Apna Chulha,16th St/Mission
Cafe Brusco,Downtown Berkeley
District Tea,16th St/Mission
Chen's Garden,Ashby
A-1,Montgomery St
Sightglass Coffee,Downtown Berkeley
Ping's Bistro,Warm Springs/South Fremont
Yume Mori Matcha,Downtown Berkeley
Momo House,Downtown Berkeley
Ying Hui Chinese Restaurant,Balboa Park
el Tiny Cafe,Ashby
Pete's BBQ,16th St/Mission
Mission Curry House,24th St/Mission
Yogurtland,West Dublin/Pleasanton
Chip Cookies,West Dublin/Pleasanton
Venga Empanadas,16th St/Mission
Kiku Sushi and Vegetarian,Lafayette
Philz Coffee,Lafayette
Batch and Brine,Lafayette
Barranco Cocina Peruana,Lafayette
The Breakfast Club at Midtown,Lafayette
El Jarro Mexican Cafe,Lafayette
Postino,Lafayette
Amarin,Lafayette
Round Table Pizza,Lafayette
Kabab Burger Mediterranean Grill,Lafayette
Pho Benny,Lafayette
Oyama Sushi,Lafayette
The Rising Loafer,Lafayette
SúperClub,South Hayward
Paris Baguette,South Hayward
Shawlay Burger,MacArthur
13 Orphans,12th St/Oakland City Center
Corzetti,Powell St
Indie Darling,Civic Center/UN Plaza
Julie's Kitchen,Montgomery St
Haus Coffee,24th St/Mission
Nation's,Castro Valley
Brew Cha,16th St/Mission
Lagom Bar,Powell St
Snöberg,Powell St
Casanova Lounge,16th St/Mission
Starbucks,Fremont
Outta Sight Pizza II,Montgomery St
Chowrasta,Fremont
The Stud,Civic Center/UN Plaza
ChaHalo,Downtown Berkeley
Bao,16th St/Mission
Kopi Bar and Bakery,Downtown Berkeley
Dough Zone,Downtown Berkeley
Bill and Bali’s,Pleasant Hill/Contra Costa Centre
Take Eat Easy,Downtown Berkeley
Las Margaritas,24th St/Mission
Cafe Venue,Montgomery St
Red Pot,Warm Springs/South Fremont
Flour + Water Pizza Shop,19th St/Oakland
OneUP Restaurant,Powell St
OneUP Lounge,Powell St
Bombay Brasserie,Montgomery St
Campton Bar & Bistro,Montgomery St
Laszlo,24th St/Mission
Highwire Coffee Roasters,19th St/Oakland
Taqueria El Zocalo,Fruitvale
Good Vybes and Brews,Lake Merritt
Teranga,Embarcadero
Blue Hawai'i Açai Cafe,Embarcadero
Kanda Ramen & BBQ,San Leandro
750 Restaurant & Bar,Montgomery St
Sky Bar,Embarcadero
Cafe Sebastian,Embarcadero
Ama,Embarcadero
Madlab Kakigori,Embarcadero
Polar Polar Ice Cream,Union City
Mucho Gusto Taqueria,Union City
LiZhou Restaurant,Union City
Bageletto,16th St/Mission
New Fortune Restaurant,Montgomery St
Quickly,Castro Valley
Quickly,San Bruno
Black Forest Kitchen (at Forage Kitchen),19th St/Oakland
Taquería Salsa,Richmond
Peet's Coffee,Castro Valley
Saints Smokehouse,Lake Merritt
Cheezy's Artisan Pizza,Powell St
Maggie's Cafe,Montgomery St
Chef Hug's Restaurant,Montgomery St
Paper Son Coffee - FiDi,Montgomery St
Mumbai Chowk Coastal Indian Cuisine,Warm Springs/South Fremont
Heyma Yemeni Coffee & Brunch,Civic Center/UN Plaza
Mendocino Farms,Embarcadero
Machu Picchu Cafe,Balboa Park
Town Biscuits,19th St/Oakland
Media Cancha Restaurante,Balboa Park
Casa de la Condesa,24th St/Mission
Istanbul Kitchen,Bay Fair
Modena Pizza,Powell St
Campus Cafe,12th St/Oakland City Center
Kwality Ice Cream,Berryessa/North San José
Double Shot Coffee,24th St/Mission
drink thicc,19th St/Oakland
Curry Hyuga,16th St/Mission
Aama's Kitchen,Hayward
Fez Coffee Roasters,19th St/Oakland
Breakthrough Sushi,Embarcadero
La Vaca Birria,24th St/Mission
PLS on Post,Powell St
Saint Frank Coffee,Embarcadero
Silk Road Bar,Powell St
The Wild Fox,Embarcadero
Cholo Soy,24th St/Mission
Donaji Restaurant,24th St/Mission
Etcetera Wine Bar,16th St/Mission
Bondadoso Coffee and Tea Collective,Walnut Creek
Square Pie Guys,Walnut Creek
Doppio,Civic Center/UN Plaza
One Waan,Glen Park
Angela's,24th St/Mission
Grand Coffee,24th St/Mission
Itria,24th St/Mission
"Anjotitos Salvadoreños ""Aminta""",24th St/Mission
Kababayan,24th St/Mission
Villa Italian Kitchen,Milpitas
Saucy Asian,Milpitas
Roosters,24th St/Mission
The Roll,Powell St
Chef's Table,Balboa Park
Hem by LeQuy,24th St/Mission
Sisters Coffee Shop,24th St/Mission
Cafe Ethiopia,16th St/Mission
Chic N' Time,16th St/Mission
Sushi Easy,24th St/Mission
,Milpitas
Cenote,Embarcadero
2207,Richmond
Hila,24th St/Mission
Fireside,Montgomery St
House of Dim Sum,24th St/Mission
Zhengxin Chicken Steak,24th St/Mission
Al Carajo,24th St/Mission
Arcana,24th St/Mission
Serrano's Pizza,24th St/Mission
Heung Yuen,24th St/Mission
Latin American Club,24th St/Mission
Metropolitan Coffee,Montgomery St
Nave Cafe,Powell St
Kathiew House of Oakland,Fruitvale
Fungi Foods,19th St/Oakland
Luisa's Ristorante and Wine Bar,24th St/Mission
Chaat Diner,Civic Center/UN Plaza
Blondies Bar,16th St/Mission
Kiku Sushi & Vegetarian,16th St/Mission
Limón,16th St/Mission
Neighborhood Sports Club Cafe,Lake Merritt
Fenikkusu,24th St/Mission
Frenchie,24th St/Mission
Aroi Thai,24th St/Mission
iTea,Castro Valley
Yummy Pizza,16th St/Mission
Stonemill Matcha,16th St/Mission
Curry Up Now,16th St/Mission
88 BaoBao,Castro Valley
iSushi,Castro Valley
Café Valor,Civic Center/UN Plaza
Cuppa,Glen Park
La Cigale,Glen Park
Spinning Dough,Millbrae
Dropo Sushi,Downtown Berkeley
Nash Cafe,Downtown Berkeley
Keiko's Coffee Shop,Glen Park
Sana'a Cafe,Embarcadero
Popbar,Downtown Berkeley
Guilin Rice Noodle,12th St/Oakland City Center
Saffron Kitchen,Rockridge
Pakaoma Thai-Lao Diner,El Cerrito del Norte
Sushi Salon,MacArthur
Kativa,MacArthur
Kitava Kitchen,MacArthur
Julia's Restaurant,Downtown Berkeley
